url,Name of the flat,Value,Currency,General Expenses,Size of the flat,Bedrooms,Bathrooms,Seller,metraje,sup_terraza,dormitorios,estacionamiento,bodegas,piso_unidad,cant_pisos,dept_piso,antiguedad,gastos_comunes,orientacion,Superficie util,Calle,Barrio,Comuna,Ciudad,Dirección,Fecha_Publicacion
https://www.portalinmobiliario.com/MLC-1486549645-vitacuraalto-las-condes-c421662-_JM#position=44&search_layout=grid&type=item&tracking_id=c270fe78-ba6f-46b8-9119-a1d8dce19315,Vitacura/alto Las Condes C_421662,11800,UF,200000,0,0,0,identidad verificada,118.0,,2.0,,,,,,,,,118.0, - , - , - , - ,"La Llavería,  Vitacura,  RM (Metropolitana)",2024-05-20
https://www.portalinmobiliario.com/MLC-1486687299-barrio-italia-miguel-claro-santa-isabel-24584-_JM#position=47&search_layout=grid&type=item&tracking_id=3686cbf3-1d38-429e-a076-8f2ab3432ab6,Barrio Italia / Miguel Claro / Santa Isabel (24584),7960,UF,1,0,0,0,identidad verificada,69.0,8.0,2.0,1.0,1.0,6.0,7.0,14.0,1.0,,O,61.0,Barrio Italia / Miguel Claro / Santa Isabel, Barrio Italia, Providencia, RM (Metropolitana),"Barrio Italia / Miguel Claro / Santa Isabel,  Barrio Italia,  Providencia,  RM (Metropolitana)",2024-05-20
https://www.portalinmobiliario.com/MLC-2448831300-suecia-alt-800-_JM#position=15&search_layout=grid&type=item&tracking_id=3686cbf3-1d38-429e-a076-8f2ab3432ab6,"Suecia, Alt. 800",10900,UF,160000,0,0,0,identidad verificada,135.0,,3.0,1.0,1.0,,,,,,SP,135.0,Suecia, Alt. 800, Los Leones, Providencia,"Suecia,  Alt. 800,  Los Leones,  Providencia,  RM (Metropolitana)",2024-05-20
https://www.portalinmobiliario.com/MLC-2448805622-guanabara-m-alonso-pinzon-amplios-espacios-_JM#position=16&search_layout=grid&type=item&tracking_id=d557745f-1fbc-4a8e-ad79-47d97f7cac86,Guanabara / M. Alonso Pinzón (amplios Espacios),12500,UF,200000,0,0,0,identidad verificada,150.0,,4.0,1.0,1.0,,,,,,,150.0,Guanabara / M. Alonso Pinzón (amplios Espacios), Rotonda Atenas, Las Condes, RM (Metropolitana),"Guanabara / M. Alonso Pinzón (amplios Espacios),  Rotonda Atenas,  Las Condes,  RM (Metropolitana)",2024-05-20
https://www.portalinmobiliario.com/MLC-2448838772-remodelado-amplio-departamento-apoquindo-_JM#position=48&search_layout=grid&type=item&tracking_id=d557745f-1fbc-4a8e-ad79-47d97f7cac86,"Remodelado Amplio Departamento, Apoquindo",12900,UF,220000,162,0,0,Coldwell Banker,162.0,12.0,,,,,,,,,,150.0, - , - , - , - ,"Barrio El Golf,  Las Condes,  RM (Metropolitana)",2024-05-20
https://www.portalinmobiliario.com/MLC-1486616299-vitacura-escriva-de-balaguer-_JM#position=37&search_layout=grid&type=item&tracking_id=c270fe78-ba6f-46b8-9119-a1d8dce19315,Vitacura. Escriva De Balaguer,11500,UF,200000,0,0,0,Coldwell Banker,110.0,11.0,3.0,2.0,1.0,2.0,10.0,8.0,14.0,,O,99.0, - , - , - , - ,"La Llavería,  Vitacura,  RM (Metropolitana)",2024-05-20
https://www.portalinmobiliario.com/MLC-1486562133-departamento-en-venta-de-4-dorm-en-vitacura-_JM#position=48&search_layout=grid&type=item&tracking_id=c270fe78-ba6f-46b8-9119-a1d8dce19315,Departamento En Venta De 4 Dorm. En Vitacura,10800,UF,Sin información,1,0,0,identidad verificada,1.0,20.0,4.0,1.0,,,,1.0,2024.0,,SP,-19.0,Proxima Estación De Metro., Tabancura, Vitacura, RM (Metropolitana),"Proxima Estación De Metro.,  Tabancura,  Vitacura,  RM (Metropolitana)",2024-05-20
https://www.portalinmobiliario.com/MLC-2448778066-manquehue-colon-_JM#position=33&search_layout=grid&type=item&tracking_id=d557745f-1fbc-4a8e-ad79-47d97f7cac86,Manquehue // Colon,7800,UF,Sin información,0,0,0,identidad verificada,76.0,7.0,2.0,1.0,1.0,,,,0.0,,O,69.0,Manquehue // Colon, Rotonda Atenas, Las Condes, RM (Metropolitana),"Manquehue // Colon,  Rotonda Atenas,  Las Condes,  RM (Metropolitana)",2024-05-20
https://www.portalinmobiliario.com/MLC-1486703025-penthouse-las-tranqueras-i-full-remodelado-i-espectacular-_JM#position=20&search_layout=grid&type=item&tracking_id=c270fe78-ba6f-46b8-9119-a1d8dce19315,Penthouse Las Tranqueras I Full Remodelado I Espectacular,17900,UF,450000,0,0,0,Vitacura Brokers,240.0,40.0,3.0,,,,,,,,,200.0,Mons Escrivá De Balaguer Sur, Vitacura, Chile, La Llavería,"Mons Escrivá De Balaguer Sur,  Vitacura,  Chile,  La Llavería,  Vitacura,  RM (Metropolitana)",2024-05-20
https://www.portalinmobiliario.com/MLC-2448818710-departamento-en-venta-de-3-dorm-en-las-condes-_JM#position=4&search_layout=grid&type=item&tracking_id=d557745f-1fbc-4a8e-ad79-47d97f7cac86,Departamento En Venta De 3 Dorm. En Las Condes,9980,UF,240000,0,0,0,Grupo F&p,140.0,15.0,3.0,,,,,,,,,125.0,Sector Malaga- Colon, Las Condes, Vaticano, Las Condes,"Sector Malaga- Colon,  Las Condes,  Vaticano,  Las Condes,  RM (Metropolitana)",2024-05-20
https://www.portalinmobiliario.com/MLC-2448728772-departamento-en-venta-de-1-dorm-en-las-condes-_JM#position=6&search_layout=grid&type=item&tracking_id=d557745f-1fbc-4a8e-ad79-47d97f7cac86,Departamento En Venta De 1 Dorm. En Las Condes,4150,UF,77000,0,0,0,identidad verificada,39.0,,1.0,,1.0,,,3.0,0.0,,-,39.0,El Golf / Edificio Don German, Barrio El Golf, Las Condes, RM (Metropolitana),"El Golf / Edificio Don German,  Barrio El Golf,  Las Condes,  RM (Metropolitana)",2024-05-20
https://www.portalinmobiliario.com/MLC-2448741216-federico-froebel-_JM#position=14&search_layout=grid&type=item&tracking_id=3686cbf3-1d38-429e-a076-8f2ab3432ab6,Federico Froebel,4890,UF,110000,0,0,0,identidad verificada,40.0,,1.0,1.0,1.0,,,,,,S,40.0,Federico Froebel, Pedro de Valdivia, Providencia, RM (Metropolitana),"Federico Froebel,  Pedro de Valdivia,  Providencia,  RM (Metropolitana)",2024-05-20
https://www.portalinmobiliario.com/MLC-2448843054-departamento-duplex-en-venta-3-dorm-2-banos-en-providencia-_JM#position=18&search_layout=grid&type=item&tracking_id=3686cbf3-1d38-429e-a076-8f2ab3432ab6,Departamento Duplex En Venta 3 Dorm 2 Baños En Providencia,5850,UF,95000,97,0,0,identidad verificada,97.0,4.0,3.0,1.0,,,11.0,17.0,59.0,,Nor-Oriente,93.0,Carlos Antunez Con Dr. Luis Middleton, Providencia / Se Vende Departamento Duplex 3 Dormitorios 2 Baños / Se Aceptan Ofertas, Pedro de Valdivia, Providencia,"Carlos Antunez Con Dr. Luis Middleton,  Providencia / Se Vende Departamento Duplex 3 Dormitorios 2 Baños / Se Aceptan Ofertas,  Pedro de Valdivia,  Providencia,  RM (Metropolitana)",2024-05-20
https://www.portalinmobiliario.com/MLC-2448741258-orden-de-malta-rebajado-_JM#position=4&search_layout=grid&type=item&tracking_id=3686cbf3-1d38-429e-a076-8f2ab3432ab6,Orden De Malta  (rebajado),8000,UF,Sin información,0,0,0,identidad verificada,130.0,,4.0,2.0,1.0,,,,0.0,,N,130.0,Orden De Malta  (rebajado), Manuel Montt, Providencia, RM (Metropolitana),"Orden De Malta  (rebajado),  Manuel Montt,  Providencia,  RM (Metropolitana)",2024-05-20
https://www.portalinmobiliario.com/MLC-2448839110-gran-terraza-con-quincho-2-dorm-en-suite-2-est-_JM#position=47&search_layout=grid&type=item&tracking_id=d557745f-1fbc-4a8e-ad79-47d97f7cac86,Gran Terraza Con Quincho!! 2 Dorm. En Suite. 2 Est.,10900,UF,Sin información,0,0,0,La Casa De Juana,222.0,146.0,2.0,2.0,1.0,8.0,1.0,8.0,6.0,,NP,76.0,Gral. Carol Urzúa, Metro Hernando de Magallanes, Las Condes, RM (Metropolitana),"Gral. Carol Urzúa,  Metro Hernando de Magallanes,  Las Condes,  RM (Metropolitana)",2024-05-20
https://www.portalinmobiliario.com/MLC-1486513119-carolina-rabat-vitacura-_JM#position=39&search_layout=grid&type=item&tracking_id=c270fe78-ba6f-46b8-9119-a1d8dce19315,Carolina Rabat. Vitacura,24700,UF,980000,0,0,0,Coldwell Banker,320.0,20.0,,,,,,,,,,300.0, - , - , - , - ,"Santa María de Manquehue,  Vitacura,  RM (Metropolitana)",2024-05-20
https://www.portalinmobiliario.com/MLC-1486619345-bartolome-de-las-cel-retiro-c420967-_JM#position=34&search_layout=grid&type=item&tracking_id=c270fe78-ba6f-46b8-9119-a1d8dce19315,Bartolomé De Las C/el Retiro C_420967,23500,UF,450000,0,0,0,identidad verificada,381.0,,3.0,,,,,,,,,381.0, - , - , - , - ,"Jardín Del Este,  Vitacura,  RM (Metropolitana)",2024-05-20
https://www.portalinmobiliario.com/MLC-2448829012-apoquindo-coronel-pereira-c422290-_JM#position=40&search_layout=grid&type=item&tracking_id=d557745f-1fbc-4a8e-ad79-47d97f7cac86,Apoquindo / Coronel Pereira C_422290,290000000,CLP,150000,0,0,0,identidad verificada,120.0,,3.0,1.0,,,,,,,,120.0, - , - , - , - ,"Metro Escuela Militar,  Las Condes,  RM (Metropolitana)",2024-05-20
https://www.portalinmobiliario.com/MLC-1486767015-las-tranqueras-i-gran-vita-despejada-i-ideal-intervenir-_JM#position=19&search_layout=grid&type=item&tracking_id=c270fe78-ba6f-46b8-9119-a1d8dce19315,Las Tranqueras I Gran Vita Despejada I Ideal Intervenir,8500,UF,140000,0,0,0,Vitacura Brokers,140.0,10.0,4.0,1.0,1.0,15.0,15.0,4.0,50.0,,,130.0,Detroit, Vitacura, Chile, Estadio Croata,"Detroit,  Vitacura,  Chile,  Estadio Croata,  Vitacura,  RM (Metropolitana)",2024-05-20
https://www.portalinmobiliario.com/MLC-1486766591-las-tranqueras-i-moderno-amplio-y-luminoso-i-bonita-vista-_JM#position=22&search_layout=grid&type=item&tracking_id=c270fe78-ba6f-46b8-9119-a1d8dce19315,"Las Tranqueras I Moderno, Amplio Y Luminoso I Bonita Vista",11990,UF,280000,0,0,0,Vitacura Brokers,140.0,14.0,4.0,,,,,,,,,126.0,Mar Jónico, Vitacura, Chile, Estadio Croata,"Mar Jónico,  Vitacura,  Chile,  Estadio Croata,  Vitacura,  RM (Metropolitana)",2024-05-20
https://www.portalinmobiliario.com/MLC-2448734622-amplio-remodelado-con-vistas-al-club-de-golf-los-leones-_JM#position=14&search_layout=grid&type=item&tracking_id=c270fe78-ba6f-46b8-9119-a1d8dce19315,Amplio Remodelado Con Vistas Al Club De Golf Los Leones,23900,UF,900000,0,0,0,Coldwell Banker,334.0,38.0,,,,,,,,,,296.0, - , - , - , - ,"Parque Bicentenario,  Vitacura,  RM (Metropolitana)",2024-05-20
https://www.portalinmobiliario.com/MLC-2448767146-el-matico-alonso-de-cordova-_JM#position=3&search_layout=grid&type=item&tracking_id=c270fe78-ba6f-46b8-9119-a1d8dce19315,El Matico / Alonso De Córdova,13900,UF,Sin información,0,0,0,identidad verificada,159.0,,4.0,,,,,,,,,159.0,El Matico / Alonso De Córdova, Parque Bicentenario, Vitacura, RM (Metropolitana),"El Matico / Alonso De Córdova,  Parque Bicentenario,  Vitacura,  RM (Metropolitana)",2024-05-20
https://www.portalinmobiliario.com/MLC-1486627763-exclusivo-departamento-santa-teresa-vitacura-_JM#position=42&search_layout=grid&type=item&tracking_id=c270fe78-ba6f-46b8-9119-a1d8dce19315,Exclusivo Departamento Santa Teresa - Vitacura,26200,UF,700000,0,0,0,identidad verificada,280.0,35.0,3.0,3.0,2.0,4.0,5.0,2.0,6.0,,NOSP,245.0,Santa Teresa De Los Andes 9600 - 9900, Vitacura, Chile, Lo Curro,"Santa Teresa De Los Andes 9600 - 9900,  Vitacura,  Chile,  Lo Curro,  Vitacura,  RM (Metropolitana)",2024-05-20
https://www.portalinmobiliario.com/MLC-2448752752-departamento-en-venta-de-5-dorm-en-las-condes-_JM#position=26&search_layout=grid&type=item&tracking_id=d557745f-1fbc-4a8e-ad79-47d97f7cac86,Departamento En Venta De 5 Dorm. En Las Condes,16500,UF,400000,0,0,0,identidad verificada,201.0,18.0,5.0,2.0,1.0,5.0,20.0,4.0,16.0,,Norte,183.0,Sector El Golf, Metro Escuela Militar, Las Condes, RM (Metropolitana),"Sector El Golf,  Metro Escuela Militar,  Las Condes,  RM (Metropolitana)",2024-05-20
https://www.portalinmobiliario.com/MLC-2448728688-callao-alt-13700-_JM#position=11&search_layout=grid&type=item&tracking_id=d557745f-1fbc-4a8e-ad79-47d97f7cac86,"Callao, Alt 13700",12300,UF,Sin información,0,0,0,identidad verificada,174.0,,4.0,1.0,,,,,,,P,174.0,Callao, Alt 13700, Barrio El Golf, Las Condes,"Callao,  Alt 13700,  Barrio El Golf,  Las Condes,  RM (Metropolitana)",2024-05-20
https://www.portalinmobiliario.com/MLC-2448816724-depto-estadio-italiano-metro-h-de-magallanes-_JM#position=31&search_layout=grid&type=item&tracking_id=d557745f-1fbc-4a8e-ad79-47d97f7cac86,Depto // Estadio Italiano // Metro H De Magallanes,5987,UF,140000,0,0,0,identidad verificada,70.0,9.0,2.0,1.0,1.0,,,,0.0,,O,61.0,Depto // Estadio Italiano // Metro H De Magallanes, Metro Hernando de Magallanes, Las Condes, RM (Metropolitana),"Depto // Estadio Italiano // Metro H De Magallanes,  Metro Hernando de Magallanes,  Las Condes,  RM (Metropolitana)",2024-05-20
https://www.portalinmobiliario.com/MLC-2448805646-andres-de-fuenzalida-remodelado-completo-_JM#position=10&search_layout=grid&type=item&tracking_id=3686cbf3-1d38-429e-a076-8f2ab3432ab6,Andrés De Fuenzalida (remodelado Completo),6100,UF,115000,0,0,0,identidad verificada,85.0,,3.0,,,,,,,,SP,85.0, - , - , - , - ,"Andrés De Fuenzalida (remodelado Completo),  Providencia,  RM (Metropolitana)",2024-05-20
https://www.portalinmobiliario.com/MLC-2448762742-comodo-departamento-amplios-espacios-4d-el-golf-_JM#position=45&search_layout=grid&type=item&tracking_id=d557745f-1fbc-4a8e-ad79-47d97f7cac86,Cómodo Departamento/ Amplios Espacios/ 4d/ El Golf,11900,UF,330000,0,0,0,Property Partners,200.0,30.0,4.0,2.0,1.0,2.0,22.0,4.0,29.0,,O,170.0,Las Condes, Vaticano, Las Condes, RM (Metropolitana),"Las Condes,  Vaticano,  Las Condes,  RM (Metropolitana)",2024-05-20
https://www.portalinmobiliario.com/MLC-1486754157-vende-providencia-3d-2b-estac-_JM#position=39&search_layout=grid&type=item&tracking_id=3686cbf3-1d38-429e-a076-8f2ab3432ab6,Vende Providencia 3d-2b Estac,6970,UF,170000,0,0,0,identidad verificada,103.0,5.0,3.0,1.0,1.0,3.0,7.0,4.0,15.0,,SO,98.0,Vende Providencia 3d-2b Estac, Campus Oriente, Providencia, RM (Metropolitana),"Vende Providencia 3d-2b Estac,  Campus Oriente,  Providencia,  RM (Metropolitana)",2024-05-20
https://www.portalinmobiliario.com/MLC-2448726486-el-dante-pdte-riesco-c421818-_JM#position=39&search_layout=grid&type=item&tracking_id=d557745f-1fbc-4a8e-ad79-47d97f7cac86,El Dante /pdte. Riesco C_421818,22500,UF,600000,0,0,0,identidad verificada,270.0,,3.0,3.0,,,,,,,,270.0, - , - , - , - ,"Barrio El Golf,  Las Condes,  RM (Metropolitana)",2024-05-20
https://www.portalinmobiliario.com/MLC-2448783882-amplio-departamento-vista-despejada-_JM#position=16&search_layout=grid&type=item&tracking_id=c270fe78-ba6f-46b8-9119-a1d8dce19315,Amplio Departamento / Vista Despejada,12900,UF,500000,175,0,0,Re/max Synergy,175.0,,4.0,2.0,1.0,,10.0,26.0,26.0,,,175.0,Los Laureles, 900 - 1200, Parque Bicentenario, Vitacura,"Los Laureles,  900 - 1200,  Parque Bicentenario,  Vitacura,  RM (Metropolitana)",2024-05-20
https://www.portalinmobiliario.com/MLC-2448728712-bustos-piso-4-_JM#position=5&search_layout=grid&type=item&tracking_id=3686cbf3-1d38-429e-a076-8f2ab3432ab6,Bustos (piso 4),8500,UF,Sin información,0,0,0,identidad verificada,100.0,,2.0,1.0,1.0,,,,,,N,100.0,Bustos (piso 4), Campus Oriente, Providencia, RM (Metropolitana),"Bustos (piso 4),  Campus Oriente,  Providencia,  RM (Metropolitana)",2024-05-20
https://www.portalinmobiliario.com/MLC-2448754476-departamento-en-venta-de-3-dorm-en-las-condes-_JM#position=5&search_layout=grid&type=item&tracking_id=d557745f-1fbc-4a8e-ad79-47d97f7cac86,Departamento En Venta De 3 Dorm. En Las Condes,9000,UF,110000,0,0,0,identidad verificada,125.0,27.0,3.0,1.0,,19.0,25.0,4.0,30.0,,Nor-Oriente,98.0,Alcántara Con Cristóbal Colón, Vaticano, Las Condes, RM (Metropolitana),"Alcántara Con Cristóbal Colón,  Vaticano,  Las Condes,  RM (Metropolitana)",2024-05-20
https://www.portalinmobiliario.com/MLC-2448777580-el-dante-presidente-riesco-c421018-_JM#position=41&search_layout=grid&type=item&tracking_id=d557745f-1fbc-4a8e-ad79-47d97f7cac86,El Dante / Presidente Riesco C_421018,14500,UF,350000,188,0,0,identidad verificada,188.0,,4.0,2.0,,,,,,,,188.0, - , - , - , - ,"Barrio El Golf,  Las Condes,  RM (Metropolitana)",2024-05-20
https://www.portalinmobiliario.com/MLC-1486525815-av-monsenor-escriva-de-balaguer-remodelado-_JM#position=40&search_layout=grid&type=item&tracking_id=c270fe78-ba6f-46b8-9119-a1d8dce19315,Av. Monseñor Escrivá De Balaguer. Remodelado,13990,UF,270000,0,0,0,Coldwell Banker,165.0,25.0,,,,,,,,,,140.0, - , - , - , - ,"La Llavería,  Vitacura,  RM (Metropolitana)",2024-05-20
https://www.portalinmobiliario.com/MLC-1486666545-gran-departamento-28262-_JM#position=30&search_layout=grid&type=item&tracking_id=c270fe78-ba6f-46b8-9119-a1d8dce19315,Gran Departamento (28262),12800,UF,180000,0,0,0,identidad verificada,136.0,10.0,3.0,3.0,1.0,2.0,10.0,2.0,24.0,,O,126.0,Gran Departamento, Parque Bicentenario, Vitacura, RM (Metropolitana),"Gran Departamento,  Parque Bicentenario,  Vitacura,  RM (Metropolitana)",2024-05-20
https://www.portalinmobiliario.com/MLC-2448819090-hermoso-y-acogedor-en-leonardo-da-vinci-_JM#position=2&search_layout=grid&type=item&tracking_id=d557745f-1fbc-4a8e-ad79-47d97f7cac86,Hermoso Y Acogedor En Leonardo Da Vinci,180000000,CLP,Sin información,0,0,0,identidad verificada,39.0,5.2,1.0,1.0,1.0,7.0,8.0,,7.0,,Sur,33.8,Leonardo Da Vinci, Metro Hernando de Magallanes, Las Condes, RM (Metropolitana),"Leonardo Da Vinci,  Metro Hernando de Magallanes,  Las Condes,  RM (Metropolitana)",2024-05-20
https://www.portalinmobiliario.com/MLC-2448818332-visviri-_JM#position=19&search_layout=grid&type=item&tracking_id=d557745f-1fbc-4a8e-ad79-47d97f7cac86,Visviri ,289000000,CLP,200000,0,0,0,identidad verificada,135.0,,4.0,2.0,1.0,,,,0.0,,SO,135.0,Visviri, Colón Oriente - Vital Apoquindo, Las Condes, RM (Metropolitana),"Visviri,  Colón Oriente - Vital Apoquindo,  Las Condes,  RM (Metropolitana)",2024-05-20
https://www.portalinmobiliario.com/MLC-2448792390-ricardo-lyon-2400-piso-10-_JM#position=6&search_layout=grid&type=item&tracking_id=3686cbf3-1d38-429e-a076-8f2ab3432ab6,Ricardo Lyon 2400 (piso 10),7800,UF,Sin información,0,0,0,identidad verificada,88.0,,2.0,,,,,,,,,88.0,Ricardo Lyon 2400 (piso 10), Campus Oriente, Providencia, RM (Metropolitana),"Ricardo Lyon 2400 (piso 10),  Campus Oriente,  Providencia,  RM (Metropolitana)",2024-05-20
https://www.portalinmobiliario.com/MLC-1486728179-campus-oriente-uc-_JM#position=35&search_layout=grid&type=item&tracking_id=3686cbf3-1d38-429e-a076-8f2ab3432ab6,Campus Oriente Uc,5600,UF,98000,0,0,0,identidad verificada,72.0,4.0,,,,,,,,,,68.0,Campus Oriente Uc, Campus Oriente, Providencia, RM (Metropolitana),"Campus Oriente Uc,  Campus Oriente,  Providencia,  RM (Metropolitana)",2024-05-20
https://www.portalinmobiliario.com/MLC-2448736934-amplio-departamento-en-providencia-16576-_JM#position=27&search_layout=grid&type=item&tracking_id=3686cbf3-1d38-429e-a076-8f2ab3432ab6,Amplio Departamento En Providencia (16576),9900,UF,350000,0,0,0,identidad verificada,160.0,10.0,3.0,1.0,1.0,3.0,8.0,1.0,44.0,,,150.0,Amplio Departamento En Providencia, Metro Tobalaba - Mall Costanera, Providencia, RM (Metropolitana),"Amplio Departamento En Providencia,  Metro Tobalaba - Mall Costanera,  Providencia,  RM (Metropolitana)",2024-05-20
https://www.portalinmobiliario.com/MLC-2448824682-departamento-jardin-del-este-buena-ubicacion-lindo-entorno-_JM#position=13&search_layout=grid&type=item&tracking_id=c270fe78-ba6f-46b8-9119-a1d8dce19315,"Departamento Jardín Del Este, Buena Ubicación, Lindo Entorno",16000,UF,450000,172,0,0,Coldwell Banker,172.0,32.0,3.0,2.0,1.0,4.0,6.0,2.0,45.0,,N,140.0, - , - , - , - ,"Jardín Del Este,  Vitacura,  RM (Metropolitana)",2024-05-20
https://www.portalinmobiliario.com/MLC-2448752988-vistas-despejadas-colegio-sek-parque-juan-pablo-ii-_JM#position=24&search_layout=grid&type=item&tracking_id=d557745f-1fbc-4a8e-ad79-47d97f7cac86,Vistas Despejadas / Colegio Sek / Parque Juan Pablo Ii,9300,UF,180000,0,0,0,Romo Propiedades,102.5,11.5,3.0,,,12.0,12.0,,22.0,,Sur-Oriente,91.0, - , - , - , - ,"Parque Juan Pablo Ii / Parque Araucano,  Las Condes,  RM (Metropolitana)",2024-05-20
https://www.portalinmobiliario.com/MLC-1486684663-santa-maria-de-manquehuenuevos-_JM#position=27&search_layout=grid&type=item&tracking_id=c270fe78-ba6f-46b8-9119-a1d8dce19315,Santa María De Manquehue/nuevos,43600,UF,Sin información,0,0,0,Boetsch Propiedades,361.42,76.53,3.0,,,,1.0,,,,,284.89,Santa María De Manquehue/nuevos, Santa María de Manquehue, Vitacura, RM (Metropolitana),"Santa María De Manquehue/nuevos,  Santa María de Manquehue,  Vitacura,  RM (Metropolitana)",2024-05-20
https://www.portalinmobiliario.com/MLC-2448841556-departamento-en-venta-de-2-dorm-en-las-condes-_JM#position=37&search_layout=grid&type=item&tracking_id=d557745f-1fbc-4a8e-ad79-47d97f7cac86,Departamento En Venta De 2 Dorm. En Las Condes,10900,UF,Sin información,0,0,0,Grupo C&b Propiedades,130.0,20.0,2.0,,,,,,,,,110.0,Manquehue / Isabel La Catolica, Rotonda Atenas, Las Condes, RM (Metropolitana),"Manquehue / Isabel La Catolica,  Rotonda Atenas,  Las Condes,  RM (Metropolitana)",2024-05-20
https://www.portalinmobiliario.com/MLC-2448741218-general-bustamante-metro-irarrazaval-_JM#position=12&search_layout=grid&type=item&tracking_id=3686cbf3-1d38-429e-a076-8f2ab3432ab6,General Bustamante (metro Irarrazaval),3790,UF,72000,0,0,0,identidad verificada,54.0,,2.0,,,,,,,,,54.0,General Bustamante (metro Irarrazaval), Barrio Italia, Providencia, RM (Metropolitana),"General Bustamante (metro Irarrazaval),  Barrio Italia,  Providencia,  RM (Metropolitana)",2024-05-20
https://www.portalinmobiliario.com/MLC-2448823652-estupendo-duplex-en-vitacura-con-vista-panoramica-_JM#position=15&search_layout=grid&type=item&tracking_id=c270fe78-ba6f-46b8-9119-a1d8dce19315,Estupendo Dúplex En Vitacura Con Vista Panorámica,14700,UF,400000,170,0,0,Coldwell Banker,170.0,46.0,3.0,3.0,1.0,8.0,7.0,4.0,11.0,,NP,124.0, - , - , - , - ,"Pío XI,  Vitacura,  RM (Metropolitana)",2024-05-20
https://www.portalinmobiliario.com/MLC-1486728195-gran-vista-despejada-i-las-tranqueras-i-moderno-y-luminoso-_JM#position=21&search_layout=grid&type=item&tracking_id=c270fe78-ba6f-46b8-9119-a1d8dce19315,Gran Vista Despejada I Las Tranqueras I Moderno Y Luminoso,10850,UF,130000,0,0,0,Vitacura Brokers,105.0,15.0,2.0,,,,,,,,,90.0,Wisconsin, Vitacura, Chile, Estadio Croata,"Wisconsin,  Vitacura,  Chile,  Estadio Croata,  Vitacura,  RM (Metropolitana)",2024-05-20
https://www.portalinmobiliario.com/MLC-2448790700-departamento-en-venta-de-4-dorm-en-las-condes-_JM#position=28&search_layout=grid&type=item&tracking_id=d557745f-1fbc-4a8e-ad79-47d97f7cac86,Departamento En Venta De 4 Dorm. En Las Condes,12500,UF,180000,223,0,0,identidad verificada,223.0,87.0,4.0,2.0,,18.0,18.0,8.0,12.0,,Oriente,136.0,Cercano A Cristóbal Colón Con Manquehue, Rotonda Atenas, Las Condes, RM (Metropolitana),"Cercano A Cristóbal Colón Con Manquehue,  Rotonda Atenas,  Las Condes,  RM (Metropolitana)",2024-05-20
https://www.portalinmobiliario.com/MLC-2448718086-tercer-piso-sin-ascensor-24460-_JM#position=18&search_layout=grid&type=item&tracking_id=c270fe78-ba6f-46b8-9119-a1d8dce19315,Tercer Piso // Sin Ascensor (24460),7900,UF,120000,108,0,0,identidad verificada,108.0,5.0,3.0,1.0,,3.0,4.0,2.0,35.0,,NOS,103.0, - , - , - , - ,"Tercer Piso // Sin Ascensor,  Vitacura,  RM (Metropolitana)",2024-05-20
https://www.portalinmobiliario.com/MLC-2448815748-departamento-en-venta-de-2-dorm-en-providencia-_JM#position=25&search_layout=grid&type=item&tracking_id=3686cbf3-1d38-429e-a076-8f2ab3432ab6,Departamento En Venta De 2 Dorm. En Providencia,4450,UF,50000,0,0,0,identidad verificada,71.0,,2.0,,1.0,1.0,4.0,12.0,64.0,,Oriente,71.0,Cercano A Antonio Varas Con Providencia, Pedro de Valdivia, Providencia, RM (Metropolitana),"Cercano A Antonio Varas Con Providencia,  Pedro de Valdivia,  Providencia,  RM (Metropolitana)",2024-05-20
https://www.portalinmobiliario.com/MLC-2448804306-departamento-en-venta-de-5-dorm-en-vitacura-_JM#position=8&search_layout=grid&type=item&tracking_id=c270fe78-ba6f-46b8-9119-a1d8dce19315,Departamento En Venta De 5 Dorm. En Vitacura,20150,UF,500000,223,0,0,identidad verificada,223.0,32.0,5.0,2.0,1.0,4.0,4.0,4.0,19.0,,Oriente,191.0,Cercano A Bicentenario Con Av. Alonso De Cordova, Parque Bicentenario, Vitacura, RM (Metropolitana),"Cercano A Bicentenario Con Av. Alonso De Cordova,  Parque Bicentenario,  Vitacura,  RM (Metropolitana)",2024-05-20
https://www.portalinmobiliario.com/MLC-2448831386-departamento-en-venta-de-1-dorm-en-las-condes-_JM#position=7&search_layout=grid&type=item&tracking_id=d557745f-1fbc-4a8e-ad79-47d97f7cac86,Departamento En Venta De 1 Dorm. En Las Condes,5000,UF,150000,0,0,0,Grupo F&p,41.0,,1.0,1.0,1.0,,,,0.0,,Norte,41.0,Sector Escuela Militar, Las Condes, Metro Escuela Militar, Las Condes,"Sector Escuela Militar,  Las Condes,  Metro Escuela Militar,  Las Condes,  RM (Metropolitana)",2024-05-20
https://www.portalinmobiliario.com/MLC-1486712483-sin-comision-mariposa-barrio-italia-24588-_JM#position=48&search_layout=grid&type=item&tracking_id=3686cbf3-1d38-429e-a076-8f2ab3432ab6,"Sin Comisión, Mariposa, Barrio Italia  (24588)",8050,UF,1,0,0,0,identidad verificada,69.0,8.0,2.0,1.0,1.0,5.0,7.0,14.0,1.0,,O,61.0,Sin Comisión, Mariposa, Barrio Italia, Barrio Italia,"Sin Comisión,  Mariposa,  Barrio Italia,  Barrio Italia,  Providencia,  RM (Metropolitana)",2024-05-20
https://www.portalinmobiliario.com/MLC-2448809388-central-departamento-en-condominio-_JM#position=17&search_layout=grid&type=item&tracking_id=c270fe78-ba6f-46b8-9119-a1d8dce19315,Central Departamento En Condominio,16500,UF,480000,0,0,0,Engel & Voelkers Vitacura,158.0,20.0,3.0,2.0,1.0,4.0,10.0,3.0,12.0,,NOSP,138.0, - , - , - , - ,"Jardín Del Este,  Vitacura,  RM (Metropolitana)",2024-05-20
https://www.portalinmobiliario.com/MLC-2448788140-pent-house-colon-hernando-de-magallanes-_JM#position=44&search_layout=grid&type=item&tracking_id=d557745f-1fbc-4a8e-ad79-47d97f7cac86,Pent House  Colón-hernando De Magallanes,18000,UF,270000,240,0,0,Coldwell Banker,240.0,40.0,5.0,2.0,2.0,,17.0,1.0,29.0,,N,200.0, - , - , - , - ,"Rotonda Atenas,  Las Condes,  RM (Metropolitana)",2024-05-20
https://www.portalinmobiliario.com/MLC-2448803670-las-amapolas-providencia-santiago-_JM#position=23&search_layout=grid&type=item&tracking_id=3686cbf3-1d38-429e-a076-8f2ab3432ab6,"Las Amapolas, Providencia, Santiago.",7650,UF,230000,0,0,0,Ehrenfeld Propiedades,92.0,2.0,2.0,1.0,1.0,,12.0,,0.0,,Nor-Poniente,90.0,Las Amapolas 13000, Metro Bilbao, Providencia, RM (Metropolitana),"Las Amapolas 13000,  Metro Bilbao,  Providencia,  RM (Metropolitana)",2024-05-20
https://www.portalinmobiliario.com/MLC-2448818298-departamento-en-venta-de-3-dorm-en-providencia-_JM#position=17&search_layout=grid&type=item&tracking_id=3686cbf3-1d38-429e-a076-8f2ab3432ab6,Departamento En Venta De 3 Dorm. En Providencia,11900,UF,250000,154,0,0,Grupo F&p,154.0,19.0,3.0,1.0,1.0,6.0,,,15.0,,Nor-Poniente,135.0,Sector Plaza Las Lilas, Providencia, Las Lilas, Providencia,"Sector Plaza Las Lilas,  Providencia,  Las Lilas,  Providencia,  RM (Metropolitana)",2024-05-20
https://www.portalinmobiliario.com/MLC-2448727454-3-dormitorios-2-estacionamientos-piscina-_JM#position=25&search_layout=grid&type=item&tracking_id=d557745f-1fbc-4a8e-ad79-47d97f7cac86,"3 Dormitorios, 2 Estacionamientos, Piscina",8700,UF,250000,0,0,0,identidad verificada,100.0,20.0,3.0,2.0,1.0,8.0,12.0,,6.0,,Nor-Poniente,80.0,Colón Con Vespucio, Sebastián Elcano, Las Condes, RM (Metropolitana),"Colón Con Vespucio,  Sebastián Elcano,  Las Condes,  RM (Metropolitana)",2024-05-20
https://www.portalinmobiliario.com/MLC-2448724226-amplio-departamento-3-dormitorios-3-banos-16602-_JM#position=46&search_layout=grid&type=item&tracking_id=d557745f-1fbc-4a8e-ad79-47d97f7cac86,Amplio Departamento 3 Dormitorios 3 Baños  (16602),7950,UF,135000,0,0,0,identidad verificada,110.0,8.0,3.0,,1.0,2.0,12.0,4.0,31.0,,P,102.0,Amplio Departamento 3 Dormitorios 3 Baños, Metro Escuela Militar, Las Condes, RM (Metropolitana),"Amplio Departamento 3 Dormitorios 3 Baños,  Metro Escuela Militar,  Las Condes,  RM (Metropolitana)",2024-05-20
https://www.portalinmobiliario.com/MLC-1486590207-condominio-santa-maria-manquehue-_JM#position=38&search_layout=grid&type=item&tracking_id=c270fe78-ba6f-46b8-9119-a1d8dce19315,Condominio Santa María Manquehue,23900,UF,1000000,0,0,0,Coldwell Banker,326.0,30.0,5.0,3.0,1.0,2.0,4.0,2.0,0.0,,S,296.0, - , - , - , - ,"Santa María de Manquehue,  Vitacura,  RM (Metropolitana)",2024-05-20
https://www.portalinmobiliario.com/MLC-1486675701-vende-triplex-en-providencia-24533-_JM#position=44&search_layout=grid&type=item&tracking_id=3686cbf3-1d38-429e-a076-8f2ab3432ab6,Vende Triplex En Providencia (24533),6990,UF,150000,0,0,0,identidad verificada,70.0,15.0,1.0,,,,,,,,,55.0,Vende Triplex En Providencia, Las Lilas, Providencia, RM (Metropolitana),"Vende Triplex En Providencia,  Las Lilas,  Providencia,  RM (Metropolitana)",2024-05-20
https://www.portalinmobiliario.com/MLC-2448766910-departamento-en-venta-de-3-dorm-en-las-condes-_JM#position=21&search_layout=grid&type=item&tracking_id=d557745f-1fbc-4a8e-ad79-47d97f7cac86,Departamento En Venta De 3 Dorm. En Las Condes,8500,UF,120000,127,0,0,identidad verificada,127.0,8.0,3.0,,,,,,,,,119.0,Amplio Departamento En Las Condes, Vaticano, Las Condes, RM (Metropolitana),"Amplio Departamento En Las Condes,  Vaticano,  Las Condes,  RM (Metropolitana)",2024-05-20
https://www.portalinmobiliario.com/MLC-2448728676-av-las-condes-kennedy-_JM#position=14&search_layout=grid&type=item&tracking_id=d557745f-1fbc-4a8e-ad79-47d97f7cac86,Av. Las Condes / Kennedy,9850,UF,Sin información,124,0,0,identidad verificada,124.0,,3.0,1.0,1.0,,,,,,NP,124.0,Av. Las Condes / Kennedy, Mall Sport, Las Condes, RM (Metropolitana),"Av. Las Condes / Kennedy,  Mall Sport,  Las Condes,  RM (Metropolitana)",2024-05-20
https://www.portalinmobiliario.com/MLC-1486675253-dpto-venta-las-hualtatas-san-damian-3-dorm-3-banos-serv-_JM#position=24&search_layout=grid&type=item&tracking_id=c270fe78-ba6f-46b8-9119-a1d8dce19315,"Dpto Venta Las Hualtatas San Damian , 3 Dorm, 3 Baños , Serv",14990,UF,315000,0,0,0,Ascui Propiedades,186.0,46.0,3.0,3.0,1.0,21.0,32.0,4.0,8.0,,Sur-Poniente,140.0,Camino El Parque / Las Hualtatas, Tabancura, Vitacura, RM (Metropolitana),"Camino El Parque / Las Hualtatas,  Tabancura,  Vitacura,  RM (Metropolitana)",2024-05-20
https://www.portalinmobiliario.com/MLC-2448741234-callao-ubicacion-de-primer-nivel-_JM#position=12&search_layout=grid&type=item&tracking_id=d557745f-1fbc-4a8e-ad79-47d97f7cac86,Callao (ubicación De Primer Nivel),12000,UF,Sin información,170,0,0,identidad verificada,170.0,,4.0,2.0,2.0,,,,,,SO,170.0,Callao (ubicación De Primer Nivel), Barrio El Golf, Las Condes, RM (Metropolitana),"Callao (ubicación De Primer Nivel),  Barrio El Golf,  Las Condes,  RM (Metropolitana)",2024-05-20
https://www.portalinmobiliario.com/MLC-1486739213-ubicacion-privilegiada-ideal-para-remodelar-gran-espacio-_JM#position=46&search_layout=grid&type=item&tracking_id=3686cbf3-1d38-429e-a076-8f2ab3432ab6,"Ubicación Privilegiada, Ideal Para Remodelar, Gran Espacio",15100,UF,150000,242,0,0,identidad verificada,242.0,41.0,3.0,,,,,,,,,201.0,Candelaria Goyenechea, Barrio Italia, Providencia, RM (Metropolitana),"Candelaria Goyenechea,  Barrio Italia,  Providencia,  RM (Metropolitana)",2024-05-20
https://www.portalinmobiliario.com/MLC-2448723658-encantador-departamento-remodelado-metro-los-leones-_JM#position=28&search_layout=grid&type=item&tracking_id=3686cbf3-1d38-429e-a076-8f2ab3432ab6,Encantador Departamento Remodelado!! Metro Los Leones,5100,UF,Sin información,50,0,0,La Casa De Juana,50.0,4.0,2.0,,,,,,,,,46.0,Suecia, Los Leones, Providencia, RM (Metropolitana),"Suecia,  Los Leones,  Providencia,  RM (Metropolitana)",2024-05-20
https://www.portalinmobiliario.com/MLC-1486741351-los-leones-bilbao-_JM#position=38&search_layout=grid&type=item&tracking_id=3686cbf3-1d38-429e-a076-8f2ab3432ab6,Los Leones-bilbao,8100,UF,180000,0,0,0,identidad verificada,103.0,,3.0,,,,,,,,,103.0,Los Leones-bilbao, Campus Oriente, Providencia, RM (Metropolitana),"Los Leones-bilbao,  Campus Oriente,  Providencia,  RM (Metropolitana)",2024-05-20
https://www.portalinmobiliario.com/MLC-2448767128-manquehue-isabel-la-catolica-duplex-_JM#position=15&search_layout=grid&type=item&tracking_id=d557745f-1fbc-4a8e-ad79-47d97f7cac86,Manquehue / Isabel La Católica (duplex),17250,UF,300000,0,0,0,identidad verificada,326.0,,3.0,2.0,1.0,8.0,,,6.0,,,326.0,Manquehue / Isabel La Católica (duplex), Sebastián Elcano, Las Condes, RM (Metropolitana),"Manquehue / Isabel La Católica (duplex),  Sebastián Elcano,  Las Condes,  RM (Metropolitana)",2024-05-20
https://www.portalinmobiliario.com/MLC-2448739052-apoquindo-noruega-c421675-_JM#position=38&search_layout=grid&type=item&tracking_id=d557745f-1fbc-4a8e-ad79-47d97f7cac86,Apoquindo/ Noruega C_421675,5100,UF,110000,0,0,0,identidad verificada,45.0,,1.0,,,,,,,,,45.0, - , - , - , - ,"Metro Manquehue - Apumanque,  Las Condes,  RM (Metropolitana)",2024-05-20
https://www.portalinmobiliario.com/MLC-1486677065-campus-oriente-uc-_JM#position=36&search_layout=grid&type=item&tracking_id=3686cbf3-1d38-429e-a076-8f2ab3432ab6,Campus Oriente Uc,318000000,CLP,180000,0,0,0,identidad verificada,122.0,4.0,4.0,2.0,1.0,6.0,,4.0,22.0,,P,118.0,Campus Oriente Uc, Campus Oriente, Providencia, RM (Metropolitana),"Campus Oriente Uc,  Campus Oriente,  Providencia,  RM (Metropolitana)",2024-05-20
https://www.portalinmobiliario.com/MLC-1486761903-vitacuraestadio-croata-28164-_JM#position=25&search_layout=grid&type=item&tracking_id=c270fe78-ba6f-46b8-9119-a1d8dce19315,Vitacura/estadio Croata (28164),8500,UF,150000,0,0,0,identidad verificada,140.0,10.0,4.0,,,,,,,,,130.0,Vitacura/estadio Croata, Estadio Croata, Vitacura, RM (Metropolitana),"Vitacura/estadio Croata,  Estadio Croata,  Vitacura,  RM (Metropolitana)",2024-05-20
https://www.portalinmobiliario.com/MLC-2448805594-amplio-depto-piso-3-2-estacionamientos-_JM#position=20&search_layout=grid&type=item&tracking_id=d557745f-1fbc-4a8e-ad79-47d97f7cac86,"Amplio Depto, Piso 3, 2 Estacionamientos",8700,UF,200000,138,0,0,identidad verificada,138.0,,4.0,12.0,1.0,3.0,,4.0,22.0,,SO,138.0,Amplio Depto, Piso 3, 2 Estacionamientos, Colón Oriente - Vital Apoquindo,"Amplio Depto,  Piso 3,  2 Estacionamientos,  Colón Oriente - Vital Apoquindo,  Las Condes,  RM (Metropolitana)",2024-05-20
https://www.portalinmobiliario.com/MLC-2448767134-francisco-antonio-encina-la-concepcion-_JM#position=11&search_layout=grid&type=item&tracking_id=3686cbf3-1d38-429e-a076-8f2ab3432ab6,Francisco Antonio Encina / La Concepción,6000,UF,80000,0,0,0,identidad verificada,62.0,,2.0,,,,,,,,,62.0,Francisco Antonio Encina / La Concepción, Pedro de Valdivia, Providencia, RM (Metropolitana),"Francisco Antonio Encina / La Concepción,  Pedro de Valdivia,  Providencia,  RM (Metropolitana)",2024-05-20
https://www.portalinmobiliario.com/MLC-2448767196-pontevedra-piso-5-_JM#position=8&search_layout=grid&type=item&tracking_id=d557745f-1fbc-4a8e-ad79-47d97f7cac86,Pontevedra (piso 5),8350,UF,150000,0,0,0,identidad verificada,110.0,10.0,3.0,2.0,1.0,,,,0.0,,,100.0,Pontevedra (piso 5), Rotonda Atenas, Las Condes, RM (Metropolitana),"Pontevedra (piso 5),  Rotonda Atenas,  Las Condes,  RM (Metropolitana)",2024-05-20
https://www.portalinmobiliario.com/MLC-2448791792-3d-en-alcantara-con-vaticano-cercano-a-metro-colon-_JM#position=23&search_layout=grid&type=item&tracking_id=d557745f-1fbc-4a8e-ad79-47d97f7cac86,3d En Alcántara Con Vaticano Cercano A Metro Colón,6500,UF,150000,0,0,0,identidad verificada,89.0,6.0,3.0,,,,,,,,,83.0,Vaticano 3900 - 4200, Santiago, Las Condes, Chile,"Vaticano 3900 - 4200,  Santiago,  Las Condes,  Chile,  Vaticano,  Las Condes,  RM (Metropolitana)",2024-05-20
https://www.portalinmobiliario.com/MLC-2448764892-depto-en-venta-en-sta-teresa-de-los-andes-vitacura-3d3b3e-_JM#position=9&search_layout=grid&type=item&tracking_id=c270fe78-ba6f-46b8-9119-a1d8dce19315,"Depto En Venta En Sta Teresa De Los Andes, Vitacura. 3d3b3e",19650,UF,350000,0,0,0,identidad verificada,195.0,22.0,3.0,3.0,1.0,4.0,5.0,2.0,10.0,,NP,173.0,Santa Teresa De Los Andes 9600 - 9900, Vitacura, Chile, Lo Curro,"Santa Teresa De Los Andes 9600 - 9900,  Vitacura,  Chile,  Lo Curro,  Vitacura,  RM (Metropolitana)",2024-05-20
https://www.portalinmobiliario.com/MLC-2448841958-departamento-en-venta-de-3-dorm-en-las-condes-_JM#position=34&search_layout=grid&type=item&tracking_id=d557745f-1fbc-4a8e-ad79-47d97f7cac86,Departamento En Venta De 3 Dorm. En Las Condes,10600,UF,220000,0,0,0,identidad verificada,106.0,16.0,3.0,,,,,,,,,90.0,Cercano A Av. Apoquindo Con Américo Vespucio, Metro Manquehue - Apumanque, Las Condes, RM (Metropolitana),"Cercano A Av. Apoquindo Con Américo Vespucio,  Metro Manquehue - Apumanque,  Las Condes,  RM (Metropolitana)",2024-05-20
https://www.portalinmobiliario.com/MLC-2448788216-departamento-en-venta-de-1-dorm-en-providencia-_JM#position=26&search_layout=grid&type=item&tracking_id=3686cbf3-1d38-429e-a076-8f2ab3432ab6,Departamento En Venta De 1 Dorm. En Providencia,3050,UF,90000,0,0,0,identidad verificada,32.0,2.0,1.0,,,9.0,14.0,7.0,16.0,,Oriente,30.0,Cercano A Eliodoro Yañez Con Av. Providencia, Salvador, Providencia, RM (Metropolitana),"Cercano A Eliodoro Yañez Con Av. Providencia,  Salvador,  Providencia,  RM (Metropolitana)",2024-05-20
https://www.portalinmobiliario.com/MLC-1486766627-club-providencia-colegio-san-ignacio-_JM#position=41&search_layout=grid&type=item&tracking_id=3686cbf3-1d38-429e-a076-8f2ab3432ab6,Club Providencia- Colegio San Ignacio,11968,UF,160000,0,0,0,identidad verificada,110.0,9.0,,,,,,,,,,101.0,Club Providencia- Colegio San Ignacio, Las Lilas, Providencia, RM (Metropolitana),"Club Providencia- Colegio San Ignacio,  Las Lilas,  Providencia,  RM (Metropolitana)",2024-05-20
https://www.portalinmobiliario.com/MLC-2448842256-plaza-las-lilas-_JM#position=19&search_layout=grid&type=item&tracking_id=3686cbf3-1d38-429e-a076-8f2ab3432ab6,Plaza Las Lilas ,15600,UF,Sin información,0,0,0,Boetsch Propiedades,180.0,45.0,3.0,1.0,1.0,1.0,2.0,2.0,0.0,,SO,135.0,Plaza Las Lilas, Las Lilas, Providencia, RM (Metropolitana),"Plaza Las Lilas,  Las Lilas,  Providencia,  RM (Metropolitana)",2024-05-20
https://www.portalinmobiliario.com/MLC-2448779836-lota-coyancura-studio-_JM#position=9&search_layout=grid&type=item&tracking_id=3686cbf3-1d38-429e-a076-8f2ab3432ab6,Lota / Coyancura (studio),3299,UF,58000,28,0,0,identidad verificada,28.0,,1.0,,,,,,,,P,28.0,Lota / Coyancura (studio), Los Leones, Providencia, RM (Metropolitana),"Lota / Coyancura (studio),  Los Leones,  Providencia,  RM (Metropolitana)",2024-05-20
https://www.portalinmobiliario.com/MLC-2448816626-departamento-con-vista-a-stadio-italiano-_JM#position=35&search_layout=grid&type=item&tracking_id=d557745f-1fbc-4a8e-ad79-47d97f7cac86,Departamento Con Vista A Stadio Italiano,4900,UF,Sin información,0,0,0,identidad verificada,42.0,,1.0,1.0,1.0,,,,,,,42.0,Avenida Apoquindo 6797, Las Condes, Chile, Metro Hernando de Magallanes,"Avenida Apoquindo 6797,  Las Condes,  Chile,  Metro Hernando de Magallanes,  Las Condes,  RM (Metropolitana)",2024-05-20
https://www.portalinmobiliario.com/MLC-2448728678-vasco-de-gama-fitz-roy-_JM#position=13&search_layout=grid&type=item&tracking_id=d557745f-1fbc-4a8e-ad79-47d97f7cac86,Vasco De Gama / Fitz Roy,6600,UF,115000,90,0,0,identidad verificada,90.0,,2.0,,,,,,,,SP,90.0,Vasco De Gama / Fitz Roy, Sebastián Elcano, Las Condes, RM (Metropolitana),"Vasco De Gama / Fitz Roy,  Sebastián Elcano,  Las Condes,  RM (Metropolitana)",2024-05-20
https://www.portalinmobiliario.com/MLC-1486529397-las-condes-hermoso-departamento-totalmente-remodelado-_JM#position=33&search_layout=grid&type=item&tracking_id=c270fe78-ba6f-46b8-9119-a1d8dce19315,Las Condes Hermoso Departamento Totalmente Remodelado,9990,UF,150000,0,0,0,identidad verificada,120.0,20.0,2.0,,,,,,,,,100.0,Avenida Manquehue Norte, Vitacura, Las Condes, Chile,"Avenida Manquehue Norte,  Vitacura,  Las Condes,  Chile,  Estadio Manquehue,  Vitacura,  RM (Metropolitana)",2024-05-20
https://www.portalinmobiliario.com/MLC-2447895208-casas-de-lo-matta-c416872-_JM#position=31&search_layout=grid&type=item&tracking_id=c270fe78-ba6f-46b8-9119-a1d8dce19315,Casas De Lo Matta C_416872,12900,UF,Sin información,0,0,0,identidad verificada,128.0,,3.0,,,,,,,,,128.0, - , - , - , - ,"La Llavería,  Vitacura,  RM (Metropolitana)",2024-05-20
https://www.portalinmobiliario.com/MLC-1486715371-un-single-escuela-de-carabineros-_JM#position=37&search_layout=grid&type=item&tracking_id=3686cbf3-1d38-429e-a076-8f2ab3432ab6,Un Single Escuela De Carabineros,6651,UF,120000,6509,0,0,identidad verificada,65.09,5.26,1.0,1.0,1.0,6.0,10.0,6.0,0.0,,,59.830000000000005,Un Single Escuela De Carabineros, Inés de Suárez, Providencia, RM (Metropolitana),"Un Single Escuela De Carabineros,  Inés de Suárez,  Providencia,  RM (Metropolitana)",2024-05-20
https://www.portalinmobiliario.com/MLC-2448754692-2-dormitorios-antonio-varas-_JM#position=3&search_layout=grid&type=item&tracking_id=3686cbf3-1d38-429e-a076-8f2ab3432ab6,2 Dormitorios Antonio Varas,6800,UF,160000,0,0,0,identidad verificada,75.0,3.0,2.0,,,,,,,,,72.0,Antonio Varas 1200 - 1500, Providencia, Chile, Inés de Suárez,"Antonio Varas 1200 - 1500,  Providencia,  Chile,  Inés de Suárez,  Providencia,  RM (Metropolitana)",2024-05-20
https://www.portalinmobiliario.com/MLC-2448828794-departamento-vitacura-isabel-mont-_JM#position=10&search_layout=grid&type=item&tracking_id=c270fe78-ba6f-46b8-9119-a1d8dce19315,Departamento Vitacura/ Isabel Mont,10800,UF,200000,110,0,0,identidad verificada,110.0,,3.0,2.0,,,5.0,,18.0,,,110.0,Vitacura, Parque Bicentenario, Vitacura, RM (Metropolitana),"Vitacura,  Parque Bicentenario,  Vitacura,  RM (Metropolitana)",2024-05-20
https://www.portalinmobiliario.com/MLC-2448843768-cerro-colorado-piso-15-_JM#position=9&search_layout=grid&type=item&tracking_id=d557745f-1fbc-4a8e-ad79-47d97f7cac86,Cerro Colorado (piso 15),7650,UF,Sin información,0,0,0,identidad verificada,75.0,,2.0,1.0,1.0,,,,,,,75.0,Cerro Colorado (piso 15), Parque Arauco, Las Condes, RM (Metropolitana),"Cerro Colorado (piso 15),  Parque Arauco,  Las Condes,  RM (Metropolitana)",2024-05-20
https://www.portalinmobiliario.com/MLC-2448784082-departamento-remodelado-con-vistas-panoramicas-_JM#position=32&search_layout=grid&type=item&tracking_id=3686cbf3-1d38-429e-a076-8f2ab3432ab6,Departamento Remodelado Con Vistas Panorámicas,8950,UF,230000,0,0,0,Coldwell Banker,125.0,17.0,3.0,1.0,1.0,7.0,12.0,4.0,45.0,,N,108.0, - , - , - , - ,"Los Leones,  Providencia,  RM (Metropolitana)",2024-05-20
https://www.portalinmobiliario.com/MLC-2448844244-excelente-departamento-en-barrio-vaticano-_JM#position=3&search_layout=grid&type=item&tracking_id=d557745f-1fbc-4a8e-ad79-47d97f7cac86,Excelente Departamento En Barrio Vaticano,5850,UF,120000,0,0,0,identidad verificada,95.0,,3.0,1.0,,,4.0,2.0,35.0,,,95.0,Vasco De Gama 4500 - 4800, Las Condes, Chile, Sebastián Elcano,"Vasco De Gama 4500 - 4800,  Las Condes,  Chile,  Sebastián Elcano,  Las Condes,  RM (Metropolitana)",2024-05-20
https://www.portalinmobiliario.com/MLC-1486752003-barrio-italia-mariposa-huascar-24561-_JM#position=45&search_layout=grid&type=item&tracking_id=3686cbf3-1d38-429e-a076-8f2ab3432ab6,Barrio Italia /mariposa / Huascar   (24561),7990,UF,1,0,0,0,identidad verificada,69.0,8.0,2.0,,,,,,,,,61.0,Barrio Italia /mariposa / Huascar, Barrio Italia, Providencia, RM (Metropolitana),"Barrio Italia /mariposa / Huascar,  Barrio Italia,  Providencia,  RM (Metropolitana)",2024-05-20
https://www.portalinmobiliario.com/MLC-1486697399-penthouse-agustin-del-castillo-vista-despejada-_JM#position=26&search_layout=grid&type=item&tracking_id=c270fe78-ba6f-46b8-9119-a1d8dce19315,Penthouse Agustin Del Castillo/ Vista Despejada,29800,UF,650000,0,0,0,Boetsch Propiedades,547.0,312.0,2.0,4.0,2.0,,,2.0,10.0,,,235.0,Penthouse Agustin Del Castillo/ Vista Despejada, Parque Bicentenario, Vitacura, RM (Metropolitana),"Penthouse Agustin Del Castillo/ Vista Despejada,  Parque Bicentenario,  Vitacura,  RM (Metropolitana)",2024-05-20
https://www.portalinmobiliario.com/MLC-2448754730-departamento-en-venta-en-providencia-_JM#position=2&search_layout=grid&type=item&tracking_id=3686cbf3-1d38-429e-a076-8f2ab3432ab6,Departamento En Venta En Providencia,220000000,CLP,Sin información,0,0,0,Benavente Mozó Propiedades,140.0,,,,,,,,0.0,,-,140.0,Av Providencia, Plaza Italia, Providencia, RM (Metropolitana),"Av Providencia,  Plaza Italia,  Providencia,  RM (Metropolitana)",2024-05-20
https://www.portalinmobiliario.com/MLC-2448739752-departamento-en-venta-de-4-dorm-en-las-condes-_JM#position=27&search_layout=grid&type=item&tracking_id=d557745f-1fbc-4a8e-ad79-47d97f7cac86,Departamento En Venta De 4 Dorm. En Las Condes,14500,UF,Sin información,162,0,0,identidad verificada,162.0,34.0,4.0,3.0,1.0,15.0,15.0,3.0,8.0,,Oriente,128.0,Cercano A Cristóbal Colón Con Manquehue, Rotonda Atenas, Las Condes, RM (Metropolitana),"Cercano A Cristóbal Colón Con Manquehue,  Rotonda Atenas,  Las Condes,  RM (Metropolitana)",2024-05-20
https://www.portalinmobiliario.com/MLC-2448777578-presidente-errazurizvespucio-c422095-_JM#position=42&search_layout=grid&type=item&tracking_id=d557745f-1fbc-4a8e-ad79-47d97f7cac86,Presidente Errazuriz/vespucio C_422095,11750,UF,270000,137,0,0,identidad verificada,137.0,,3.0,1.0,,,,,,,,137.0, - , - , - , - ,"Barrio El Golf,  Las Condes,  RM (Metropolitana)",2024-05-20
https://www.portalinmobiliario.com/MLC-2448837632-luminoso-con-inmejorable-ubicacion-sector-padre-mariano-_JM#position=29&search_layout=grid&type=item&tracking_id=3686cbf3-1d38-429e-a076-8f2ab3432ab6,Luminoso Con Inmejorable Ubicación Sector Padre Mariano,4800,UF,80000,0,0,0,Coldwell Banker,35.0,3.0,1.0,1.0,1.0,8.0,18.0,17.0,18.0,,P,32.0, - , - , - , - ,"Pedro de Valdivia,  Providencia,  RM (Metropolitana)",2024-05-20
https://www.portalinmobiliario.com/MLC-2448818354-infante-caupolican-_JM#position=13&search_layout=grid&type=item&tracking_id=3686cbf3-1d38-429e-a076-8f2ab3432ab6,Infante / Caupolicán,5500,UF,120000,0,0,0,identidad verificada,67.0,,2.0,1.0,1.0,,,,0.0,,O,67.0,Infante / Caupolicán, Salvador, Providencia, RM (Metropolitana),"Infante / Caupolicán,  Salvador,  Providencia,  RM (Metropolitana)",2024-05-20
https://www.portalinmobiliario.com/MLC-2448728656-antonio-bellet-_JM#position=16&search_layout=grid&type=item&tracking_id=3686cbf3-1d38-429e-a076-8f2ab3432ab6,Antonio Bellet,6900,UF,120000,85,0,0,identidad verificada,85.0,,2.0,1.0,1.0,,,,,,SP,85.0,Antonio Bellet, Pedro de Valdivia, Providencia, RM (Metropolitana),"Antonio Bellet,  Pedro de Valdivia,  Providencia,  RM (Metropolitana)",2024-05-20
https://www.portalinmobiliario.com/MLC-2448790122-cpm-gestion-inmobiliaria-vende-en-prov-31482-_JM#position=24&search_layout=grid&type=item&tracking_id=3686cbf3-1d38-429e-a076-8f2ab3432ab6,Cpm Gestión Inmobiliaria Vende En Prov. (31482),5800,UF,50000,73,0,0,identidad verificada,73.0,3.0,3.0,1.0,,3.0,4.0,2.0,36.0,,,70.0,Cpm Gestión Inmobiliaria Vende En Prov., Campus Oriente, Providencia, RM (Metropolitana),"Cpm Gestión Inmobiliaria Vende En Prov.,  Campus Oriente,  Providencia,  RM (Metropolitana)",2024-05-20
https://www.portalinmobiliario.com/MLC-1486612903-departamento-nuevo-venta-de-3-dorm-en-vitacura-_JM#position=32&search_layout=grid&type=item&tracking_id=c270fe78-ba6f-46b8-9119-a1d8dce19315,Departamento Nuevo Venta De 3 Dorm. En Vitacura,18515,UF,Sin información,0,0,0,identidad verificada,188.0,46.0,3.0,,,9.0,10.0,,2.0,,Sur-Oriente,142.0,Candelaria Goyenechea / Parque Américo Vespucio, Borde Río - Casa Piedra, Vitacura, RM (Metropolitana),"Candelaria Goyenechea / Parque Américo Vespucio,  Borde Río - Casa Piedra,  Vitacura,  RM (Metropolitana)",2024-05-20
https://www.portalinmobiliario.com/MLC-2448830022-departamento-en-venta-kennedy-lateral-vitacura-_JM#position=7&search_layout=grid&type=item&tracking_id=c270fe78-ba6f-46b8-9119-a1d8dce19315,Departamento En Venta/ Kennedy Lateral/ Vitacura ,8800,UF,220000,0,0,0,identidad verificada,105.0,10.0,3.0,,,,,,,,,95.0, - , - , - , - ,"Avenida Presidente Kennedy 4500 - 6800,  Vitacura,  RM (Metropolitana)",2024-05-20
https://www.portalinmobiliario.com/MLC-2448772170-amplio-duplex-con-piscina-carlos-antunez-_JM#position=31&search_layout=grid&type=item&tracking_id=3686cbf3-1d38-429e-a076-8f2ab3432ab6,Amplio Dúplex Con Piscina Carlos Antúnez,21000,UF,1000000,0,0,0,Coldwell Banker,460.0,250.0,,,,,,,,,,210.0, - , - , - , - ,"Los Leones,  Providencia,  RM (Metropolitana)",2024-05-20
https://www.portalinmobiliario.com/MLC-2448792402-padre-damian-deveuster-piso-10-_JM#position=2&search_layout=grid&type=item&tracking_id=c270fe78-ba6f-46b8-9119-a1d8dce19315,Padre Damian Deveuster (piso 10),16300,UF,Sin información,0,0,0,identidad verificada,280.0,,3.0,4.0,1.0,,,,,,NP,280.0,Padre Damian Deveuster (piso 10), La Llavería, Vitacura, RM (Metropolitana),"Padre Damian Deveuster (piso 10),  La Llavería,  Vitacura,  RM (Metropolitana)",2024-05-20
https://www.portalinmobiliario.com/MLC-1486734465-av-vitacura-las-catalpas-c422710-_JM#position=29&search_layout=grid&type=item&tracking_id=c270fe78-ba6f-46b8-9119-a1d8dce19315,Av. Vitacura / Las Catalpas C_422710,9000,UF,Sin información,0,0,0,identidad verificada,,,2.0,2.0,,,,,,,,0, - , - , - , - ,"Parque Bicentenario,  Vitacura,  RM (Metropolitana)",2024-05-20
https://www.portalinmobiliario.com/MLC-1486554875-parque-lo-galloescriva-de-b-c422448-_JM#position=36&search_layout=grid&type=item&tracking_id=c270fe78-ba6f-46b8-9119-a1d8dce19315,Parque Lo Gallo/escriva De B. C_422448,12700,UF,410000,0,0,0,identidad verificada,165.0,,4.0,2.0,,,,,,,,165.0, - , - , - , - ,"La Llavería,  Vitacura,  RM (Metropolitana)",2024-05-20
https://www.portalinmobiliario.com/MLC-2448740644-venta-duplex-sta-anita-jardin-y-piscina-j-alcalde-delano-_JM#position=5&search_layout=grid&type=item&tracking_id=c270fe78-ba6f-46b8-9119-a1d8dce19315,Venta Dúplex Sta Anita Jardín Y Piscina: J Alcalde Delano,68000,UF,1200000,0,0,0,Romo Propiedades,513.82,,3.0,,,,,,,,,513.82,Lo Curro / Gran Vía / José Alcalde Delano, Lo Curro, Vitacura, RM (Metropolitana),"Lo Curro / Gran Vía / José Alcalde Delano,  Lo Curro,  Vitacura,  RM (Metropolitana)",2024-05-20
https://www.portalinmobiliario.com/MLC-2448825196-vespucio-hualtatas-_JM#position=11&search_layout=grid&type=item&tracking_id=c270fe78-ba6f-46b8-9119-a1d8dce19315,Vespucio - Hualtatas,14850,UF,330000,164,0,0,identidad verificada,164.0,40.0,,,,,,,,,,124.0,Vespucio - Hualtatas, Pío XI, Vitacura, RM (Metropolitana),"Vespucio - Hualtatas,  Pío XI,  Vitacura,  RM (Metropolitana)",2024-05-20
https://www.portalinmobiliario.com/MLC-2448729300-2-dorms-3-banos-servicio-excelente-conectividad-_JM#position=1&search_layout=grid&type=item&tracking_id=c270fe78-ba6f-46b8-9119-a1d8dce19315,2 Dorms 3 Baños + Servicio / Excelente Conectividad,14000,UF,350000,0,0,0,identidad verificada,165.0,25.0,2.0,2.0,1.0,5.0,10.0,3.0,15.0,,P,140.0,Américo Vespucio Norte 2100 - 2400, Vitacura, Chile, Jardín Del Este,"Américo Vespucio Norte 2100 - 2400,  Vitacura,  Chile,  Jardín Del Este,  Vitacura,  RM (Metropolitana)",2024-05-20
https://www.portalinmobiliario.com/MLC-2448753524-club-manquehue-luis-carrera-_JM#position=6&search_layout=grid&type=item&tracking_id=c270fe78-ba6f-46b8-9119-a1d8dce19315,Club Manquehue/ Luis Carrera,9950,UF,250000,0,0,0,Romo Propiedades,100.0,,2.0,1.0,1.0,3.0,8.0,3.0,34.0,,Sur-Poniente,100.0,Club Manquehue/ Luis Carrera, Pío XI, Vitacura, RM (Metropolitana),"Club Manquehue/ Luis Carrera,  Pío XI,  Vitacura,  RM (Metropolitana)",2024-05-20
https://www.portalinmobiliario.com/MLC-2448777374-departamento-las-torcazas-las-condes-_JM#position=43&search_layout=grid&type=item&tracking_id=d557745f-1fbc-4a8e-ad79-47d97f7cac86,Departamento Las Torcazas Las Condes,11990,UF,240000,0,0,0,identidad verificada,140.0,,3.0,2.0,,,10.0,,19.0,,,140.0,Las Condes, Barrio El Golf, Las Condes, RM (Metropolitana),"Las Condes,  Barrio El Golf,  Las Condes,  RM (Metropolitana)",2024-05-20
https://www.portalinmobiliario.com/MLC-2448830756-departamento-en-venta-de-2-dorm-en-las-condes-_JM#position=22&search_layout=grid&type=item&tracking_id=d557745f-1fbc-4a8e-ad79-47d97f7cac86,Departamento En Venta De 2 Dorm. En Las Condes,10700,UF,150000,119,0,0,Romo Propiedades,119.0,,2.0,1.0,1.0,5.0,7.0,,44.0,,Sur-Poniente,119.0,Remodelado: El Golf / San Sebastián, Barrio El Golf, Las Condes, RM (Metropolitana),"Remodelado: El Golf / San Sebastián,  Barrio El Golf,  Las Condes,  RM (Metropolitana)",2024-05-20
https://www.portalinmobiliario.com/MLC-2448805614-martin-de-zamora-2-estacionamientos-_JM#position=18&search_layout=grid&type=item&tracking_id=d557745f-1fbc-4a8e-ad79-47d97f7cac86,Martín De Zamora (2 Estacionamientos),8900,UF,150000,0,0,0,identidad verificada,120.0,,3.0,,,,,,,,,120.0,Martín De Zamora (2 Estacionamientos), Rotonda Atenas, Las Condes, RM (Metropolitana),"Martín De Zamora (2 Estacionamientos),  Rotonda Atenas,  Las Condes,  RM (Metropolitana)",2024-05-20
https://www.portalinmobiliario.com/MLC-1486601039-alto-las-condeskennedy-c421940-_JM#position=47&search_layout=grid&type=item&tracking_id=c270fe78-ba6f-46b8-9119-a1d8dce19315,Alto Las Condes/kennedy C_421940,6840,UF,120000,85,0,0,identidad verificada,85.0,,4.0,1.0,,,,,,,,85.0, - , - , - , - ,"Villa El Dorado,  Vitacura,  RM (Metropolitana)",2024-05-20
https://www.portalinmobiliario.com/MLC-2448735120-penthouse-maxima-comodidad-en-vitacura-_JM#position=12&search_layout=grid&type=item&tracking_id=c270fe78-ba6f-46b8-9119-a1d8dce19315,"Penthouse, Máxima Comodidad En Vitacura.",16100,UF,300000,0,0,0,Coldwell Banker,162.0,54.0,2.0,2.0,1.0,16.0,16.0,3.0,4.0,,NP,108.0, - , - , - , - ,"Parque Bicentenario,  Vitacura,  RM (Metropolitana)",2024-05-20
https://www.portalinmobiliario.com/MLC-2448792388-la-castellana-norte-piso-3-_JM#position=10&search_layout=grid&type=item&tracking_id=d557745f-1fbc-4a8e-ad79-47d97f7cac86,La Castellana Norte (piso 3),10500,UF,Sin información,0,0,0,identidad verificada,115.0,,3.0,1.0,1.0,,,,,,NP,115.0,La Castellana Norte (piso 3), Metro Escuela Militar, Las Condes, RM (Metropolitana),"La Castellana Norte (piso 3),  Metro Escuela Militar,  Las Condes,  RM (Metropolitana)",2024-05-20
https://www.portalinmobiliario.com/MLC-2448765514-venta-departamento-p-3d-en-suite-walk-in-closet-2b-2e-1b--_JM#position=20&search_layout=grid&type=item&tracking_id=3686cbf3-1d38-429e-a076-8f2ab3432ab6,Venta Departamento P 3d En Suite Walk-in Clóset 2b 2e 1b  -,8900,UF,250000,105,0,0,identidad verificada,105.0,12.0,3.0,2.0,1.0,,,,1.0,,P,93.0, - , - , - , - ,"Pedro de Valdivia,  Providencia,  RM (Metropolitana)",2024-05-20
https://www.portalinmobiliario.com/MLC-2448778234-departamento-en-venta-de-4-dorm-en-providencia-_JM#position=21&search_layout=grid&type=item&tracking_id=3686cbf3-1d38-429e-a076-8f2ab3432ab6,Departamento En Venta De 4 Dorm. En Providencia,12550,UF,180000,149,0,0,identidad verificada,149.0,19.0,4.0,,,,,,,,,130.0,Cerca Plaza La Lilas, Las Lilas, Providencia, RM (Metropolitana),"Cerca Plaza La Lilas,  Las Lilas,  Providencia,  RM (Metropolitana)",2024-05-20
https://www.portalinmobiliario.com/MLC-1486755159-hermoso-departamento-estilo-frances-24484-_JM#position=34&search_layout=grid&type=item&tracking_id=3686cbf3-1d38-429e-a076-8f2ab3432ab6,Hermoso Departamento Estilo Frances  (24484),21500,UF,300000,0,0,0,identidad verificada,307.0,67.0,3.0,,,,,,,,,240.0, - , - , - , - ,"Hermoso Departamento Estilo Frances,  Providencia,  RM (Metropolitana)",2024-05-20
https://www.portalinmobiliario.com/MLC-1486575449-americon-vespucio-norteespoz-c220938-_JM#position=46&search_layout=grid&type=item&tracking_id=c270fe78-ba6f-46b8-9119-a1d8dce19315,Américon Vespucio Norte/espoz C_220938,19900,UF,400000,0,0,0,identidad verificada,260.0,,3.0,2.0,,,,,,,,260.0, - , - , - , - ,"Parque Bicentenario,  Vitacura,  RM (Metropolitana)",2024-05-20
https://www.portalinmobiliario.com/MLC-1486588169-vitacuracandelaria-c421976-_JM#position=43&search_layout=grid&type=item&tracking_id=c270fe78-ba6f-46b8-9119-a1d8dce19315,Vitacura/candelaria C_421976,30000,UF,Sin información,0,0,0,identidad verificada,220.0,,2.0,,,,,,,,,220.0, - , - , - , - ,"Parque Bicentenario,  Vitacura,  RM (Metropolitana)",2024-05-20
https://www.portalinmobiliario.com/MLC-1486603029-escriva-de-balaguer-con-vista-al-sport-frances-_JM#position=41&search_layout=grid&type=item&tracking_id=c270fe78-ba6f-46b8-9119-a1d8dce19315,Escrivá De Balaguer Con Vista Al Sport Francés,11400,UF,120000,0,0,0,Coldwell Banker,119.0,13.0,3.0,1.0,1.0,4.0,4.0,2.0,39.0,,NP,106.0, - , - , - , - ,"Juan XXIII,  Vitacura,  RM (Metropolitana)",2024-05-20
https://www.portalinmobiliario.com/MLC-2448778092-lo-fontecilla-av-las-condes-_JM#position=32&search_layout=grid&type=item&tracking_id=d557745f-1fbc-4a8e-ad79-47d97f7cac86, Lo Fontecilla // Av. Las Condes,11900,UF,180000,140,0,0,identidad verificada,140.0,60.0,3.0,1.0,1.0,,,,0.0,,N,80.0,Lo Fontecilla // Av. Las Condes, Estoril, Las Condes, RM (Metropolitana),"Lo Fontecilla // Av. Las Condes,  Estoril,  Las Condes,  RM (Metropolitana)",2024-05-20
https://www.portalinmobiliario.com/MLC-2448830750-barrio-alonso-de-cordova-las-nieves-_JM#position=4&search_layout=grid&type=item&tracking_id=c270fe78-ba6f-46b8-9119-a1d8dce19315,Barrio Alonso De Córdova / Las Nieves,13950,UF,320000,0,0,0,Romo Propiedades,174.0,,3.0,2.0,1.0,12.0,13.0,,42.0,,Sur-Oriente,174.0,Remodelado: Barrio Las Nieves / Vistas Al Club Los Leones, Parque Bicentenario, Vitacura, RM (Metropolitana),"Remodelado: Barrio Las Nieves / Vistas Al Club Los Leones,  Parque Bicentenario,  Vitacura,  RM (Metropolitana)",2024-05-20
https://www.portalinmobiliario.com/MLC-2448799354-agradable-departamento-en-plaza-la-alcaldesa-_JM#position=30&search_layout=grid&type=item&tracking_id=3686cbf3-1d38-429e-a076-8f2ab3432ab6,Agradable Departamento En Plaza La Alcaldesa.,8900,UF,250000,0,0,0,Coldwell Banker,100.0,8.0,,,,,,,,,,92.0, - , - , - , - ,"Providencia,  RM (Metropolitana)",2024-05-20
https://www.portalinmobiliario.com/MLC-2448805656-los-leones-alt-1700-_JM#position=8&search_layout=grid&type=item&tracking_id=3686cbf3-1d38-429e-a076-8f2ab3432ab6,Los Leones Alt 1700,7500,UF,Sin información,100,0,0,identidad verificada,100.0,,2.0,1.0,1.0,,,,,,P,100.0, - , - , - , - ,"Los Leones Alt 1700,  Providencia,  RM (Metropolitana)",2024-05-20
https://www.portalinmobiliario.com/MLC-1486593395-kennedy-wisconsin-c422814-_JM#position=35&search_layout=grid&type=item&tracking_id=c270fe78-ba6f-46b8-9119-a1d8dce19315,Kennedy / Wisconsin C_422814,10900,UF,290000,106,0,0,identidad verificada,106.0,,2.0,2.0,,,,,,,,106.0, - , - , - , - ,"Villa El Dorado,  Vitacura,  RM (Metropolitana)",2024-05-20
https://www.portalinmobiliario.com/MLC-2448739354-departamento-en-venta-de-3-dorm-en-las-condes-_JM#position=36&search_layout=grid&type=item&tracking_id=d557745f-1fbc-4a8e-ad79-47d97f7cac86,Departamento En Venta De 3 Dorm. En Las Condes,9500,UF,130000,0,0,0,identidad verificada,220.0,117.0,3.0,2.0,1.0,16.0,19.0,6.0,19.0,,Oriente,103.0,Cercano A Metro Cristóbal Colón, Vaticano, Las Condes, RM (Metropolitana),"Cercano A Metro Cristóbal Colón,  Vaticano,  Las Condes,  RM (Metropolitana)",2024-05-20
https://www.portalinmobiliario.com/MLC-2448742134-departamento-en-iconico-edificio-de-el-golf-_JM#position=1&search_layout=grid&type=item&tracking_id=d557745f-1fbc-4a8e-ad79-47d97f7cac86,Departamento En Icónico Edificio De El Golf,21500,UF,670000,0,0,0,Engel & Voelkers Vitacura,241.0,20.0,3.0,2.0,1.0,13.0,18.0,1.0,23.0,,SO,221.0, - , - , - , - ,"Barrio El Golf,  Las Condes,  RM (Metropolitana)",2024-05-20
https://www.portalinmobiliario.com/MLC-2447131316-clinica-alemana-vitacura-c202751-_JM#position=45&search_layout=grid&type=item&tracking_id=c270fe78-ba6f-46b8-9119-a1d8dce19315,Clinica Alemana / Vitacura C_202751,10000,UF,230000,0,0,0,identidad verificada,111.0,,2.0,,,,,,,,,111.0, - , - , - , - ,"Estadio Manquehue,  Vitacura,  RM (Metropolitana)",2024-05-20
https://www.portalinmobiliario.com/MLC-2448741238-la-concepcion-piso-4-_JM#position=7&search_layout=grid&type=item&tracking_id=3686cbf3-1d38-429e-a076-8f2ab3432ab6,La Concepción (piso 4),5600,UF,100000,0,0,0,identidad verificada,76.0,,2.0,1.0,,4.0,,,,,SP,76.0,La Concepción (piso 4), Pedro de Valdivia, Providencia, RM (Metropolitana),"La Concepción (piso 4),  Pedro de Valdivia,  Providencia,  RM (Metropolitana)",2024-05-20
https://www.portalinmobiliario.com/MLC-2448816726-kennedy-geronimo-de-alderete-_JM#position=30&search_layout=grid&type=item&tracking_id=d557745f-1fbc-4a8e-ad79-47d97f7cac86, Kennedy // Gerónimo De Alderete,9500,UF,240000,0,0,0,identidad verificada,113.0,10.0,3.0,2.0,1.0,23.0,23.0,4.0,19.0,,SP,103.0,Kennedy // Gerónimo De Alderete, Alto Las Condes, Las Condes, RM (Metropolitana),"Kennedy // Gerónimo De Alderete,  Alto Las Condes,  Las Condes,  RM (Metropolitana)",2024-05-20
https://www.portalinmobiliario.com/MLC-2448819272-oportunidad-depto-en-venta-1d-1b-est-bod-centro-providencia-_JM#position=1&search_layout=grid&type=item&tracking_id=3686cbf3-1d38-429e-a076-8f2ab3432ab6,Oportunidad Depto En Venta 1d 1b Est Bod Centro Providencia,3600,UF,108000,0,0,0,identidad verificada,36.0,4.0,1.0,,,,,,,,,32.0,Antonio Bellet 1 - 300, Providencia, Chile, Pedro de Valdivia,"Antonio Bellet 1 - 300,  Providencia,  Chile,  Pedro de Valdivia,  Providencia,  RM (Metropolitana)",2024-05-20
https://www.portalinmobiliario.com/MLC-2448752386-metro-manuel-montt-providencia-_JM#position=22&search_layout=grid&type=item&tracking_id=3686cbf3-1d38-429e-a076-8f2ab3432ab6, Metro Manuel Montt // Providencia,4800,UF,100000,0,0,0,identidad verificada,44.0,,1.0,1.0,1.0,,,,0.0,,N,44.0,Metro Manuel Montt // Providencia, Manuel Montt, Providencia, RM (Metropolitana),"Metro Manuel Montt // Providencia,  Manuel Montt,  Providencia,  RM (Metropolitana)",2024-05-20
